{
  "trending": "ট্রেন্ডিং",
  "newRelease": "নতুন মুক্তি পেয়েছে",
  "comingSoon": "শীঘ্রই আসছে",
  "favourites": "প্রিয় সিনেমা",
  "watchLater": "পরে দেখুন",
  "details": "বিস্তারিত",
  "footer": "কপিরাইট ©2024 লার্ন উইথ সুমিত। সর্বস্বত্ব সংরক্ষিত।",
  "releaseDate": "মুক্তিপ্রাপ্তির তারিখ",
  "averageVote": "গড় ভোট",
  "voteCount": "ভোটের সংখ্যা",
  "popularity": "জনপ্রিয়তা",
  "streamInHd": "এইচডি স্ট্রিম করুন",
  "downloadInHD": "এইচডি তে ডাউনলোড করুন",
  "notFoundGlobal": {
    "message": "এই অনুরোধিত পৃষ্ঠাটি খুঁজে পাওয়া যায়নি! হোম পেজে ফিরে যান",
    "btnName": "হোম পেজ"
  },
  "notFoundMovie": {
    "message1": "এই আইডিসহ চলচ্চিত্রটি খুঁজে পাওয়া যায়নি! সমস্ত চলচ্চিত্র পৃষ্ঠায় ফিরে যান",
    "message2": "আইডি দিয়ে ",
    "btnName": "সমস্ত চলচ্চিত্র পৃষ্ঠা"
  }
}
